dataset,file_role,read_status,rows,columns,duplicate_rows,empty_rows,missing_cells_pct,infinite_values,duplicate_columns,content_hash
Data_Dictionary.xlsx :: SHEET=Sheet1,OTHER,READ_OK,20,7,0,0,85.7143,0,0,31d5f1f7856cf3f9421823447da06301d8aab9153cab379e8652d33cb99d3d83
02_Clean_Data/RBI_Sectoral_Credit_Wide_2019_2026.csv,OTHER,READ_OK_utf-8-sig,43,11,0,0,0.4228,0,0,8ae4f2c56e429c79218fa53add3d32f109b48759c057c3a8ef08326c43a64207
02_Clean_Data/RBI_Sectoral_Credit_Long_2019_2026.csv,OTHER,READ_OK_utf-8-sig,344,5,0,0,0.9302,0,0,ec440269a1f8e333c8a89b2a1741ac8144172eb11a4253bff47683445e166856
01_Raw_Data/Industrial_Production/IIP_Dashboard Data_Jun2026-28.07.2026.xlsx :: SHEET=UBC-Monthly,RAW_OR_SOURCE,READ_OK,6,41,0,0,0.0,0,0,182c8ca3465995e9b5117359f73b4ea5e9d223b81628bfd2aa919b340092ffca
01_Raw_Data/Industrial_Production/IIP_Dashboard Data_Jun2026-28.07.2026.xlsx :: SHEET=Sectoral-Monthly,RAW_OR_SOURCE,READ_OK,5,41,0,0,0.0,0,0,bab9a4e76f580a15ae57173926ce1007e1d18a891df8063aaadb50793f4dfe94
01_Raw_Data/Industrial_Production/IIP_Dashboard Data_Jun2026-28.07.2026.xlsx :: SHEET=UBC-Annual,RAW_OR_SOURCE,READ_OK,6,5,0,0,0.0,0,0,9cdf09c4e406ac2b627db0f937f3e622fde7e11042e64f97eea2c2319665a288
01_Raw_Data/Industrial_Production/IIP_Dashboard Data_Jun2026-28.07.2026.xlsx :: SHEET=Sectoral-Annual,RAW_OR_SOURCE,READ_OK,5,5,0,0,0.0,0,0,2a72892797127e27e8aa47cf06692b2ffe4f9594e7c6659d980a2ce4985f03b8
01_Raw_Data/Industrial_Production/IIP_Dashboard Data_Jun2026-28.07.2026.xlsx :: SHEET=Sectoral Weights,RAW_OR_SOURCE,READ_OK,37,3,0,0,4.5045,0,0,a9276960919ca972238c442a1f2e51f24d03a143439a3a55b20ce3c6ca151a3c
01_Raw_Data/Interest_Rates/Weighted Average Lending Rate.xlsx :: SHEET=Sector Wise,RAW_OR_SOURCE,READ_OK,31,16,2,3,25.4032,0,0,a255e4e687c1a2781b22be4a732b1505a181631c7d6e29ee313b32d2b7037a2e
01_Raw_Data/Interest_Rates/Weighted Average Lending Rate.xlsx :: SHEET=Credit Range Wise,RAW_OR_SOURCE,READ_OK,31,16,2,3,39.5161,0,0,7abc2a56729ddcc478f2257e22956e8119ba980475658f7a90c63bd708839b15
01_Raw_Data/Interest_Rates/Weighted Average Lending Rate.xlsx :: SHEET=Type of Account Wise,RAW_OR_SOURCE,READ_OK,31,16,2,3,25.4032,0,0,c17f42d940f2a340101ee3fd454923ce669fdf901a406b1118d3e2ff0cbed9cb
"01_Raw_Data/Interest_Rates/Major Monetary Policy Rates and Reserve Requirements - Bank Rate, LAF (Repo, Reverse Repo, SDF and MSF) Rates, CRR & SLR.xlsx :: SHEET=Report 1",RAW_OR_SOURCE,READ_OK,268,9,2,3,13.267,0,0,b1ea830263e4c3387f89fbc30b485f9815b1f4e98faab84f0a3c966491a5ac95
01_Raw_Data/Interest_Rates/Other STRBI Table No 18. Bank Group-Wise and Occupation-Wise Weighted Average Lending Rate and Deposit Rate.xlsx :: SHEET=Report 1,RAW_OR_SOURCE,READ_OK,222,11,2,3,20.1474,0,0,fb2bb51076137e7506cf7b54d11f294a69d17c2cab1b703988ee04414a1bfb64
01_Raw_Data/Semiconductor/Semiconductor_Master/Manufacturing_Matrix_Audit.csv,RAW_OR_SOURCE,READ_OK_utf-8-sig,39,7,0,0,0.0,0,0,33ee07907d7162aa0c7c9767a0efcf555e7761f780498bd68cc8517677045f43
01_Raw_Data/Semiconductor/Semiconductor_Master/RBI_Electronics_Credit_Features.csv,RAW_OR_SOURCE,READ_OK_utf-8-sig,8,4,0,0,9.375,0,0,2d8c6f1499dac5c3291a31fe1622dbf89414cb75c6cd146c2bfe2faf14c7ce22
01_Raw_Data/Semiconductor/Semiconductor_Master/Semiconductor_Baseline_Model_Predictions.csv,RAW_OR_SOURCE,READ_OK_utf-8-sig,10,6,0,0,0.0,0,0,ac5163d6e00d098c17f150413fb38ab2c21ae735243935b981e354cf0c97552f
01_Raw_Data/Semiconductor/Semiconductor_Master/Semiconductor_Permutation_Importance.csv,RAW_OR_SOURCE,READ_OK_utf-8-sig,34,3,10,0,0.0,0,0,fcec630408d4d167576b294aa60a3220cc190945726e683ac406f07f5481cbeb
01_Raw_Data/Semiconductor/Semiconductor_Master/Semiconductor_Ecosystem_Structural_Matrix.csv,INTERMEDIATE_ECO_MATRIX,READ_OK_utf-8-sig,36,35,0,0,3.8095,0,0,dc21a46eb9c731d69282aed4219c217d406010da081f3b06f1bed370923fef47
01_Raw_Data/Semiconductor/Semiconductor_Master/Manufacturing_High_Correlation_Pairs.csv,RAW_OR_SOURCE,READ_OK_utf-8-sig,92,4,0,0,0.0,0,0,7cedde0991ad883dcf99ff39e96d8cb115e72aac215bfa5dc83111d97dad871b
01_Raw_Data/Semiconductor/Semiconductor_Master/Semiconductor_Manufacturing_RBI_Integrated_12Projects.csv,RBI_INTEGRATED_MANUFACTURING,READ_OK_utf-8-sig,12,41,0,0,5.6911,0,0,0b964b8d45aebc9af3446c5a96a056e27d8e66260abf0c2b6c38eb8ab38e84a7
01_Raw_Data/Semiconductor/Semiconductor_Master/Semiconductor_Source_Page_Verification_Worksheet.csv,RAW_OR_SOURCE,READ_OK_utf-8-sig,23,27,0,0,58.6151,0,0,fb9e6fcaa4047782031f06fe1f4464a7ce6d060db95cbb6da904aa360c0b63f4
01_Raw_Data/Semiconductor/Semiconductor_Master/Semiconductor_ML_Ready.csv,LEGACY_DO_NOT_MODEL,READ_OK_utf-8-sig,10,37,0,0,0.0,0,0,ef22ff0a2fe6bdb34ee62aedc07dad1a17b293dce99386ee6c4823ef08351f4d
01_Raw_Data/Semiconductor/Semiconductor_Master/Semiconductor_RBI_Sector_Mapping_Final.csv,RAW_OR_SOURCE,READ_OK_utf-8-sig,6,7,0,0,14.2857,0,0,329c43075880349c24261f07028d6f4768c7812025de76c651869f7191d018b5
01_Raw_Data/Semiconductor/Semiconductor_Master/Semiconductor_Project_RBI_Banking_Risk_Integrated.csv,LEGACY_DO_NOT_MODEL,READ_OK_utf-8-sig,10,36,0,0,1.1111,0,0,45459d4c121feca6347d5a3ea974ba8596417666dd9b7572cacca6dbc4342986
01_Raw_Data/Semiconductor/Semiconductor_Master/Semiconductor_Project_Banking_Risk_Features_Step3B.csv,LEGACY_DO_NOT_MODEL,READ_OK_utf-8-sig,10,47,0,0,0.8511,0,0,1d05f7b0b180de78c48614a34240941f1f545aa0d5bb0ee7b82d211e3c13cf69
01_Raw_Data/Semiconductor/Semiconductor_Master/Semiconductor_RBI_Sector_Mapping.csv,RAW_OR_SOURCE,READ_OK_utf-8-sig,6,7,0,0,85.7143,0,0,ee85bb7a99dc461e82113dedf3a1930541735f0a9712196d601cf4379959441d
01_Raw_Data/Semiconductor/Semiconductor_Master/Ecosystem_Matrix_Audit.csv,RAW_OR_SOURCE,READ_OK_utf-8-sig,34,7,0,0,0.0,0,0,7c860a867f2bfb82ab405a7b31d94a5a27bce02928357e871fb5381a38e13934
01_Raw_Data/Semiconductor/Semiconductor_Master/Ecosystem_Feature_Selection_Audit.csv,RAW_OR_SOURCE,READ_OK_utf-8-sig,12,3,0,0,0.0,0,0,9ab75ad58072f7ee118ce1881313488a8e17c4fd8ae0117a4750f3b881e29776
01_Raw_Data/Semiconductor/Semiconductor_Master/Semiconductor_Baseline_Model_Performance.csv,RAW_OR_SOURCE,READ_OK_utf-8-sig,4,4,0,0,0.0,0,0,0ba946fcbf51f15cf978fe6f710b74bc6f98f236fcf8bac037cd8ded93d8d487
01_Raw_Data/Semiconductor/Semiconductor_Master/RBI_Credit_Features_For_Semiconductor_Model.csv,RAW_OR_SOURCE,READ_OK_utf-8-sig,42,18,0,0,2.2487,0,0,5eaddbfb02ed7ab31737cead7487f4562a54c89140840b52c7c78549c5157faf
01_Raw_Data/Semiconductor/Semiconductor_Master/Semiconductor_RBI_NPA_Integrated_Master.csv,RAW_OR_SOURCE,READ_OK_utf-8-sig,8,19,0,0,72.3684,0,0,bc68e5901f75e2728e40679dc271f9ff3328b001eb34b866f9c101b570dba1d4
01_Raw_Data/Semiconductor/Semiconductor_Master/Manufacturing_Stress_Testing_Final.csv,FINAL_MFG_MATRIX,READ_OK_utf-8-sig,12,15,0,0,0.0,0,0,635c1b272aa5b3fb72f4128091435dfe9d66c2cef771932cdcb201c96d9e9905
01_Raw_Data/Semiconductor/Semiconductor_Master/Semiconductor_Project_Features.csv,LEGACY_DO_NOT_MODEL,READ_OK_utf-8-sig,10,37,0,0,1.0811,0,0,ae6c420bfd14b661798c6ad846593e1dc9ae1748066f6e9b4fe2221db4bf2846
01_Raw_Data/Semiconductor/Semiconductor_Master/Semiconductor_Manufacturing_RBI_Integration_Audit.csv,RAW_OR_SOURCE,READ_OK_utf-8-sig,13,6,0,0,0.0,0,0,96cbc359dba5c7a1ada0edc1813ff29f316e5a0d3b7caf0182110137f5b289d0
01_Raw_Data/Semiconductor/Semiconductor_Master/Ecosystem_High_Correlation_Pairs.csv,RAW_OR_SOURCE,READ_OK_utf-8-sig,15,4,0,0,0.0,0,0,8e43836aa11109a021c9d4fe8c89846c21c1cd8df275b53bdda7badf8eec346d
01_Raw_Data/Semiconductor/Semiconductor_Master/Semiconductor_Ecosystem_Analytical_Features.csv,RAW_OR_SOURCE,READ_OK_utf-8-sig,36,63,0,0,14.418,0,0,54273e739635a1340ee1bbb6730b612591a72e3b458a99e9537ee276a35f2afa
01_Raw_Data/Semiconductor/Semiconductor_Master/Semiconductor_Master_Canonical.csv,CANONICAL_MANUFACTURING,READ_OK_utf-8-sig,12,20,0,0,2.5,0,0,4b5b16ae23200fdb6e4a4208d62eb596e8c29fd0436a5fcf99b67c4585738e2d
01_Raw_Data/Semiconductor/Semiconductor_Master/Semiconductor_Project_Verification_Final_Review.csv,REVIEW_OR_DISCOVERY,READ_OK_utf-8-sig,51,26,0,0,36.2745,0,0,b5336e36c0075c20bd3b1929fb3cd743341e112454ea59cd0598168232dd6af1
01_Raw_Data/Semiconductor/Semiconductor_Master/Semiconductor_Ecosystem_Master.csv,CANONICAL_ECOSYSTEM,READ_OK_utf-8-sig,36,27,0,0,27.572,0,0,517693de1c629bae7680a0a00ed772fec4a2db6152c47327cb74ca1b25979c13
01_Raw_Data/Semiconductor/Semiconductor_Master/Semiconductor_Project_Manual_Review copy.csv,REVIEW_OR_DISCOVERY,READ_OK_utf-8-sig,51,37,0,0,38.9507,0,0,debc100578632eb0dd11e1147201e8154be96f3a298e660e1ae0964480b1afeb
01_Raw_Data/Semiconductor/Semiconductor_Master/Semiconductor_Official_Expansion_2026_Verified.csv,RAW_OR_SOURCE,READ_OK_utf-8-sig,2,20,0,0,5.0,0,0,a8529f06c5fa129b5d209f09a781df59bdd1c92cc84968849dc1c4612edb10d6
01_Raw_Data/Semiconductor/Semiconductor_Master/Manufacturing_Banking_Stress_Matrix.csv,INTERMEDIATE_MFG_MATRIX,READ_OK_utf-8-sig,12,40,0,0,4.5833,0,0,06e0852d5fd181e6a2c0760c14c9e4941bae3d0a1c242a098856f96a9c9f147d
01_Raw_Data/Semiconductor/Semiconductor_Master/Semiconductor_Project_Expansion_Raw.csv,RAW_OR_SOURCE,READ_OK_utf-8-sig,51,26,0,0,47.8884,0,0,b338f914a76413aed9e25068d5a440a81281b53293323d7cc9d678c38454a845
01_Raw_Data/Semiconductor/Semiconductor_Master/RBI_NPA_Year_Level_Stress_Features.csv,RAW_OR_SOURCE,READ_OK_utf-8-sig,21,9,0,0,0.5291,0,0,98f9febcc798584b3d903e024925945c19d3f48c5c3e02a7bb648ebbb2d21437
01_Raw_Data/Semiconductor/Semiconductor_Master/Semiconductor_Ecosystem_Feature_Audit.csv,RAW_OR_SOURCE,READ_OK_utf-8-sig,34,11,0,0,0.0,0,0,783ca9a9cac40ceaa9df6f3f226966bd9b9311348507aea0f42a4891c5de652d
01_Raw_Data/Semiconductor/Semiconductor_Master/Semiconductor_Project_Manual_Review.csv,REVIEW_OR_DISCOVERY,READ_OK_utf-8-sig,51,37,0,0,38.9507,0,0,debc100578632eb0dd11e1147201e8154be96f3a298e660e1ae0964480b1afeb
01_Raw_Data/Semiconductor/Semiconductor_Master/Manufacturing_Feature_Selection_Audit.csv,RAW_OR_SOURCE,READ_OK_utf-8-sig,6,3,0,0,0.0,0,0,37314b7529685a5cfa05aa8e8843fd00b4ac95ca6ddc673cd198c63fd692e48a
01_Raw_Data/Semiconductor/Semiconductor_Master/Semiconductor_Project_Evidence_Review.csv,REVIEW_OR_DISCOVERY,READ_OK_utf-8-sig,51,56,0,0,38.2003,0,0,9ce2d844ad31c2637f68b03f8eac8bf17028843ea0a3df9d08cc902085180551
01_Raw_Data/Semiconductor/Semiconductor_Master/Semiconductor_Model_Diagnostics.csv,RAW_OR_SOURCE,READ_OK_utf-8-sig,10,5,0,0,0.0,0,0,45d30f3ffca367108ef5855a99ea9f3cbf19fd5f1ee0aa2fd77e5fdaaf0c206d
01_Raw_Data/Semiconductor/Semiconductor_Master/Semiconductor_Master_Canonical_BACKUP_BEFORE_2026_EXPANSION.csv,BACKUP,READ_OK_utf-8-sig,10,20,0,0,2.0,0,0,f3473ab78108f272b53f5c78e102746705452d09d818bca08ee9a54956d596d9
01_Raw_Data/Semiconductor/Semiconductor_Master/Semiconductor_Project_Verification_Queue.csv,RAW_OR_SOURCE,READ_OK_utf-8-sig,51,37,0,0,38.9507,0,0,debc100578632eb0dd11e1147201e8154be96f3a298e660e1ae0964480b1afeb
01_Raw_Data/Semiconductor/Semiconductor_Master/RBI_NPA_Features_For_Semiconductor_Model.csv,RAW_OR_SOURCE,READ_OK_utf-8-sig,1984,9,285,0,11.2231,0,0,3b3183fa4b48d03185392e0483175c8cb3be26a775dcc719619b41616e1cbc73
01_Raw_Data/Semiconductor/Semiconductor_Master/Semiconductor_Ecosystem_Master_Audit.csv,RAW_OR_SOURCE,READ_OK_utf-8-sig,8,4,0,0,0.0,0,0,8e11c9c239d74f756a94b29beb0937d7ff21f18fe27cd33e28fcce31bdbbaf07
01_Raw_Data/Semiconductor/Semiconductor_Master/Semiconductor_Ecosystem_ML_Feasibility_Audit.csv,RAW_OR_SOURCE,READ_OK_utf-8-sig,27,11,0,0,0.0,0,0,4b57219e4deca3385a5f97c2474db06bef092e150f4e07bec5be8ef44e1a2d08
01_Raw_Data/Semiconductor/Semiconductor_Master/Ecosystem_Clustering_Final.csv,FINAL_ECO_MATRIX,READ_OK_utf-8-sig,36,25,0,0,0.0,0,0,ef4ec05ab092281a4a115ec8ab77d8ab46971e9997d9f4b997875e6f20d2fb5b
01_Raw_Data/Semiconductor/Semiconductor_Master/Semiconductor_Feature_Importance.csv,RAW_OR_SOURCE,READ_OK_utf-8-sig,34,2,6,0,0.0,0,0,1edb01c2be42d3ccde43f00953d066001a12aba7fa8aad35178089a4fe3eafe6
01_Raw_Data/Semiconductor/Semiconductor_Capacity/Semiconductor_Capacity_Meity_Relevant_Pages.csv,RAW_OR_SOURCE,READ_OK_utf-8-sig,48,4,0,0,0.0,0,0,1a6125754b739871bbe673717f25d0fe5380e2593775093b9e7d614d58f385ad
01_Raw_Data/Semiconductor/Semiconductor_Capacity/Semiconductor_Capacity_Master.csv,RAW_OR_SOURCE,READ_OK_utf-8-sig,0,16,0,0,0.0,0,0,6049c1694ad67f9f3de36f8f38e4599fff568913d20ec3d8fb32f5f680c468fe
01_Raw_Data/Semiconductor/Semiconductor_Project_Master/Semiconductor_Project_Master.csv,RAW_OR_SOURCE,READ_OK_utf-8-sig,10,21,0,0,13.3333,0,0,28c35398358d138699865e2f8254bc9568b2df456a774da08e6a2be40aa156e9
01_Raw_Data/Semiconductor/Semiconductor_Capacity/Extracted_Capacity_Data/Semiconductor_Capacity_Master_v2.csv,RAW_OR_SOURCE,READ_OK_utf-8-sig,11,16,0,0,25.5682,0,0,af7a8a7739f753322ad0e10b225b00c0ee2e2bb9fbc52e20f7371758c0fb73b1
01_Raw_Data/Semiconductor/Semiconductor_Capacity/Extracted_Capacity_Data/Semiconductor_Capacity_Raw_Page_Index.csv,RAW_OR_SOURCE,READ_OK_utf-8-sig,34,3,0,0,6.8627,0,0,0b90d5fa2b32a30c1814b70ba7f1dece9ae8378bbe82d3cfed03a5249d3fd950
01_Raw_Data/Semiconductor/Semiconductor_Capacity/Extracted_Capacity_Data/Semiconductor_Capacity_State_Summary.csv,RAW_OR_SOURCE,READ_OK_utf-8-sig,6,3,0,0,0.0,0,0,3ab1e630180a2afe8305a6cb919e1cf2fab36826f2ae1d86e85bc2a87d420672
01_Raw_Data/Semiconductor/Semiconductor_Capacity/Extracted_Capacity_Data/ISM_Project_Source_Index.csv,RAW_OR_SOURCE,READ_OK_utf-8-sig,11,4,0,0,0.0,0,0,f9f06fb43380efc2c21593265eed73959a676a274a50eb9c6ae3ef1c65769092
01_Raw_Data/Semiconductor/Semiconductor_Capacity/Extracted_Capacity_Data/Semiconductor_Capacity_ProjectType_Summary.csv,RAW_OR_SOURCE,READ_OK_utf-8-sig,6,3,0,0,0.0,0,0,66ee5afbbd3549b5bfb3a7c4f3d2298d3a8823e8c441857803e82c9cac678008
01_Raw_Data/Semiconductor/Semiconductor_Capacity/Extracted_Capacity_Data/Semiconductor_Capacity_Master_Clean.csv,RAW_OR_SOURCE,READ_OK_utf-8-sig,10,17,0,0,2.3529,0,0,dea1cf9929ab9d12790e4ab335b99319971524fb69090d4cc3e8f5bfb739086c
01_Raw_Data/Semiconductor/Semiconductor_Capacity/Extracted_Capacity_Data/Semiconductor_Capacity_Master.csv,RAW_OR_SOURCE,READ_OK_utf-8-sig,10,13,0,0,3.0769,0,0,8e626d1979b650146d613dee6d4bed672b726c206bda2e84877de8c20b7a0d42
01_Raw_Data/Semiconductor/Semiconductor_Capacity/Extracted_Capacity_Data/Semiconductor_Capacity_Relevant_Pages.csv,RAW_OR_SOURCE,READ_OK_utf-8-sig,34,3,0,0,6.8627,0,0,0b90d5fa2b32a30c1814b70ba7f1dece9ae8378bbe82d3cfed03a5249d3fd950
01_Raw_Data/Semiconductor/Semiconductor_Capacity/Source_Index/Semiconductor_Capacity_Source_Index.csv,RAW_OR_SOURCE,READ_OK_utf-8-sig,0,4,0,0,0.0,0,0,65daa9e8b225338e0674dc892139f4de0dca1d668c18f81c47983a5b6278d77f
01_Raw_Data/Semiconductor/Semiconductor_Master/Audit/Semiconductor_Column_Audit.csv,RAW_OR_SOURCE,READ_OK_utf-8-sig,104,5,0,0,0.0,0,0,45d4e03917756f499364e30f3d1603787946e34d99d399cdc17aeed8bfb87c41
01_Raw_Data/Semiconductor/Semiconductor_Master/Audit/Semiconductor_Master_Data_Dictionary.csv,RAW_OR_SOURCE,READ_OK_utf-8-sig,51,3,0,0,0.0,0,0,8b7bf26c0cb77ff55495fdbc16090fcb6c114d1b87a8f62fb9e6b68db7fb2f57
01_Raw_Data/Semiconductor/Semiconductor_Master/Audit/Semiconductor_Data_Quality_Summary.csv,RAW_OR_SOURCE,READ_OK_utf-8-sig,5,6,0,0,0.0,0,0,bffc6b7e100c74fa6b4252d7e3fa08433a71adf29a6cb310b6b5c3b1a9cd2cf5
01_Raw_Data/Semiconductor/Semiconductor_Master/Audit/Semiconductor_Master_Domain_Coverage.csv,RAW_OR_SOURCE,READ_OK_utf-8-sig,5,5,0,0,0.0,0,0,7bd6c4c01a994b502e6145ed5eee550a961ca4446fda51012b9bfe5341100982
01_Raw_Data/Semiconductor/Semiconductor_Master/Candidate_Discovery/Semiconductor_Project_Verification_Review.csv,REVIEW_OR_DISCOVERY,READ_OK_utf-8-sig,5,27,0,0,74.0741,0,0,e4f354b6959adc853087e3d19fc5fb6346d98a318a7d9f9f072369ca8f10171b
01_Raw_Data/Semiconductor/Semiconductor_Master/Candidate_Discovery/Semiconductor_Approved_Projects_PENDING_MASTER_MERGE.csv,REVIEW_OR_DISCOVERY,READ_OK_utf-8-sig,0,27,0,0,0.0,0,0,75fa589310b1fbfcef60cc16dfdb93d968a92c6988f703c465e937cfa28bb93c
01_Raw_Data/Semiconductor/Semiconductor_Master/Candidate_Discovery/Semiconductor_Project_Candidates.csv,REVIEW_OR_DISCOVERY,READ_OK_utf-8-sig,5,16,0,0,62.5,0,0,7c600df0a1245d898a308bc173827c4ef636ec5ec8dedf03e1026582d04ab742
01_Raw_Data/Semiconductor/Semiconductor_Master/Candidate_Discovery/Semiconductor_Approved_Projects_READY_FOR_MERGE.csv,REVIEW_OR_DISCOVERY,READ_OK_utf-8-sig,0,28,0,0,0.0,0,0,60b5cd6ca58ba2660e9ed36476a074cbb0b9fbb66ecab24f05602116bd90416d
01_Raw_Data/Semiconductor/Semiconductor_Master/Candidate_Discovery/Semiconductor_Candidate_Verification.csv,REVIEW_OR_DISCOVERY,READ_OK_utf-8-sig,5,28,0,0,42.1429,0,0,432f57c577ae888544303e70560963d99634f2e92b9123d12e8bf67f92b873f6
01_Raw_Data/Semiconductor/Semiconductor_Master/Candidate_Discovery/Semiconductor_Master_Merge_Preview.csv,REVIEW_OR_DISCOVERY,READ_OK_utf-8-sig,10,36,0,0,1.1111,0,0,45459d4c121feca6347d5a3ea974ba8596417666dd9b7572cacca6dbc4342986
01_Raw_Data/Semiconductor/Semiconductor_Master/Candidate_Discovery/Semiconductor_Project_Review.csv,REVIEW_OR_DISCOVERY,READ_OK_utf-8-sig,5,26,0,0,69.2308,0,0,721c879401d29b767df5cb5ffa592ac34eb67da6d1ba068818ae9e9b54cc7626
01_Raw_Data/Semiconductor/Semiconductor_Master/DLI_Design_Projects/DLI_Design_Projects_Rejected.csv,REVIEW_OR_DISCOVERY,READ_OK_utf-8-sig,0,41,0,0,0.0,0,0,0b4117b95bdcd36bf7d7b604c4b705f1ddd83a9b62b5c95b8b5832344aa59b7f
01_Raw_Data/Semiconductor/Semiconductor_Master/DLI_Design_Projects/DLI_Design_Projects_Pending.csv,REVIEW_OR_DISCOVERY,READ_OK_utf-8-sig,2,41,0,0,24.3902,0,0,e8b763b10a1c3940d33ff8f74f47780b483f2afef35814a802751d64b0a03e41
01_Raw_Data/Semiconductor/Semiconductor_Master/DLI_Design_Projects/DLI_Design_Project_Verification_Register.csv,RAW_OR_SOURCE,READ_OK_utf-8-sig,5,19,0,0,6.3158,0,0,c3dbda86cae9ce828a814da8c0b03e28c988b54aae88ff8257cacbbeedf94b57
01_Raw_Data/Semiconductor/Semiconductor_Master/DLI_Design_Projects/DLI_Design_Project_Candidates.csv,REVIEW_OR_DISCOVERY,READ_OK_utf-8-sig,5,21,0,0,47.619,0,0,53833866aab142f6999facfad57c73bce927850321bb9216822f35340d4d36b0
01_Raw_Data/Semiconductor/Semiconductor_Master/DLI_Design_Projects/DLI_Design_Projects_Canonical.csv,CANONICAL_DLI,READ_OK_utf-8-sig,24,24,0,0,18.4028,0,0,67a382157b18bf71b9206e0b26bc42df29555bc315bc949bc5eb2d7996cf09c3
01_Raw_Data/Semiconductor/Semiconductor_Master/DLI_Design_Projects/DLI_Official_Source_Evidence.csv,RAW_OR_SOURCE,READ_OK_utf-8-sig,62,4,30,0,19.3548,0,0,df62ef1296a2a5ee8accbc21a91e117bc7b7701a53ea385c254604d2e3037f33
01_Raw_Data/Semiconductor/Semiconductor_Master/DLI_Design_Projects/DLI_Design_Projects_Final_Manual_Review.csv,REVIEW_OR_DISCOVERY,READ_OK_utf-8-sig,2,41,0,0,24.3902,0,0,e8b763b10a1c3940d33ff8f74f47780b483f2afef35814a802751d64b0a03e41
01_Raw_Data/Semiconductor/Semiconductor_Master/DLI_Design_Projects/DLI_Design_Projects_Canonical_Audit.csv,RAW_OR_SOURCE,READ_OK_utf-8-sig,11,2,0,0,0.0,0,0,361a364cf31bf394ea3d1e304f451038809cf62201f5e7d8d125fb2ba6d7c914
01_Raw_Data/Semiconductor/Semiconductor_Master/DLI_Design_Projects/DLI_Design_Projects_Structured_Review.csv,REVIEW_OR_DISCOVERY,READ_OK_utf-8-sig,2,23,0,0,39.1304,0,0,1acae4a0fbd43ba9cd46206cadbd113b810c73b81112c36f3df89ab7cf266b5c
01_Raw_Data/Semiconductor/Semiconductor_Investment/Extracted_Investment_Data/Semiconductor_Investment_Relevant_Pages.csv,RAW_OR_SOURCE,READ_OK_utf-8-sig,51,4,0,0,0.0,0,0,3ff13b151a19978c919565230100930598e90c4a407dcbe465fe1840a667ee37
01_Raw_Data/Semiconductor/Semiconductor_Investment/Extracted_Investment_Data/Semiconductor_Investment_Raw_Pages.csv,RAW_OR_SOURCE,READ_OK_utf-8-sig,468,4,0,0,0.0,0,0,a30e54516b6add7b05d577c8d3817870f241aa359eac6a2437f646ddfc6cd7ae
01_Raw_Data/Semiconductor/Semiconductor_Investment/Extracted_Investment_Data/Semiconductor_Investment_High_Confidence.csv,RAW_OR_SOURCE,READ_OK_utf-8-sig,10,11,0,0,11.8182,0,0,0e94966407453301fb751c096f89a10e263622672fa07af1a57f800a9a6049ac
01_Raw_Data/Semiconductor/Semiconductor_Investment/Extracted_Investment_Data/Semiconductor_Investment_Master_Raw.csv,RAW_OR_SOURCE,READ_OK_utf-8-sig,51,11,0,0,31.3725,0,0,cbcee6e1e13a036ba4b96c9e6438ea1e247ff359dd49c97e598974f2a4da4cf4
01_Raw_Data/Semiconductor/Semiconductor_Investment/Extracted_Investment_Data/Semiconductor_Investment_Clean.csv,RAW_OR_SOURCE,READ_OK_utf-8-sig,41,9,0,0,36.0434,0,0,2bfd75262645161a8f8270aa76f727be90f70048d30699e60be8d5cd20a3dba4
01_Raw_Data/RBI/Banking_Stress/_6.Movement of Non Performing Assets (NPAs) of Scheduled Commercial Banks.xlsx :: SHEET=Report 1,RBI_SOURCE_OR_DERIVED,READ_OK,1988,10,288,4,20.2616,0,0,fcad553ddb08eca733a8912cfe3abf96d8c6504d72a11dfaf53b90fbca05a58e
01_Raw_Data/RBI/RBI_Master/RBI_Integration_Input_Snapshot.csv,RBI_SOURCE_OR_DERIVED,READ_OK_utf-8-sig,6,5,0,0,0.0,0,0,675d09c1daea273acdf879e2db562cbb8a18d326149ce471e739d9c7bea11135
01_Raw_Data/RBI/RBI_Master/RBI_NPA_Data.csv,RBI_SOURCE_OR_DERIVED,READ_OK_utf-8-sig,1984,10,285,0,20.1008,0,0,419a4f70d740d0e913c3db1aef791fe543bc033bc385214e98ec9aa44b42d077
01_Raw_Data/RBI/RBI_Master/RBI_Industry_Wise_Credit_2019_2026.csv,RBI_SOURCE_OR_DERIVED,READ_OK_utf-8-sig,49,11,0,0,17.2542,0,0,69c2993bedfd31176dba2a7ac87a0c9dd413a3d2d93e7953b9a74b7e850fab35
01_Raw_Data/RBI/RBI_Master/RBI_Industry_Credit_Clean_2019_2026.csv,RBI_SOURCE_OR_DERIVED,READ_OK_utf-8-sig,36,22,0,0,0.1263,0,0,3cf675bef04ca2739b69c458611072d8448495ec785119d6a78275f00c57e5d2
01_Raw_Data/RBI/RBI_Master/RBI_NPA_Features.csv,RBI_SOURCE_OR_DERIVED,READ_OK_utf-8-sig,0,10,0,0,0.0,0,0,83fba936c064dc9f0a5a57268a1eda4b06820d3faf0b51a03e7b6d9b2f67eefe
01_Raw_Data/RBI/RBI_Master/RBI_Industry_Credit_Long_2019_2026.csv,RBI_SOURCE_OR_DERIVED,READ_OK_utf-8-sig,288,5,0,0,3.0556,0,0,1672c23e6d9c6296f2aba0b9b0cafdde817f9a890e0a874591101d644b16fb3d
01_Raw_Data/RBI/RBI_Master/RBI_Latest_Sectoral_Credit.csv,RBI_SOURCE_OR_DERIVED,READ_OK_utf-8-sig,636,13,0,0,22.7383,0,0,aa6a44e0ab4a4b48a2f2364004d7ab95ffb3d1476b3d4c4c3c05f4369b466603
01_Raw_Data/RBI/RBI_Master/RBI_NPA_Clean.csv,RBI_SOURCE_OR_DERIVED,READ_OK_utf-8-sig,0,16,0,0,0.0,0,0,da521c9b01746ac13072607873ca5e176125e039f6ddda2f0fdf17faf791d51a
01_Raw_Data/RBI/Audit/RBI_Column_Inventory.csv,RBI_SOURCE_OR_DERIVED,READ_OK_utf-8-sig,193,5,0,0,0.0,0,0,a30267d1787db2486a362e5c6aa1662bcece065517c27322a695170931c709b0
01_Raw_Data/RBI/Audit/RBI_Sector_Relevant_Variables.csv,RBI_SOURCE_OR_DERIVED,READ_OK_utf-8-sig,8,3,0,0,0.0,0,0,3a244e8e2acd4c8358ee28319759c8525b825f644f966c6fa545955ee67fd80b
01_Raw_Data/RBI/Audit/RBI_Banking_Variables.csv,RBI_SOURCE_OR_DERIVED,READ_OK_utf-8-sig,16,3,0,0,0.0,0,0,42b87edec5a13b24e0839f9431d4109bfe17bc0581df33a4da33d10e2f6aa8e2
01_Raw_Data/RBI/Audit/RBI_Dataset_Summary.csv,RBI_SOURCE_OR_DERIVED,READ_OK_utf-8-sig,19,5,0,0,0.0,0,0,82d5fd521f1d3084686f2ce5405b7e90e46c425f4b6bfa48ea3ffbd4713513a1
01_Raw_Data/RBI/Audit/RBI_Potential_Join_Keys.csv,RBI_SOURCE_OR_DERIVED,READ_OK_utf-8-sig,16,2,0,0,0.0,0,0,0bc7b9ddca891348ab0fb3484ca3d404022574810c928ce12692696497136eb0
01_Raw_Data/RBI/Sectoral_Credit/SIBCS29052026.xlsx :: SHEET=Statement 1,RBI_SOURCE_OR_DERIVED,READ_OK,58,10,0,0,19.4828,0,0,6e71f8c0b01f656ee0dfd9d53e9a484835eb7effece08330a79026d9d7ab188d
01_Raw_Data/RBI/Sectoral_Credit/SIBCS29052026.xlsx :: SHEET=Statement 2,RBI_SOURCE_OR_DERIVED,READ_OK,48,10,0,0,6.4583,0,0,8b4cc0dc2fede131c9f3016c592d29f96ccd32451cbe932befe17f53b77d3db6
01_Raw_Data/RBI/Sectoral_Credit/SIBCS30042026.xlsx :: SHEET=Statement 1,RBI_SOURCE_OR_DERIVED,READ_OK,58,6,0,0,18.3908,0,0,c351d9371a57a72064d70e0f6aa38d59edf99102c15be91cc364973bd679ffc9
01_Raw_Data/RBI/Sectoral_Credit/SIBCS30042026.xlsx :: SHEET=Statement 2,RBI_SOURCE_OR_DERIVED,READ_OK,48,6,0,0,6.25,0,0,8cdb285562706e50ab019ae1c4f96af89746baf872024c6dc82abd06c6a151b6
01_Raw_Data/RBI/Sectoral_Credit/SIBC30032026.xlsx :: SHEET=Statement 1,RBI_SOURCE_OR_DERIVED,READ_OK,58,10,0,0,19.4828,0,0,87152f9554075025881986eda28d6ccb60a1a81f99002a58f6c416984bfb6363
01_Raw_Data/RBI/Sectoral_Credit/SIBC30032026.xlsx :: SHEET=Statement 2,RBI_SOURCE_OR_DERIVED,READ_OK,48,10,0,0,6.4583,0,0,4d22ee942f451278842289457d31208453a86adc0dc9aaa3a3f52f36535a85b4
01_Raw_Data/RBI/Sectoral_Credit/SIBCS30062026.xlsx :: SHEET=Statement 1,RBI_SOURCE_OR_DERIVED,READ_OK,58,10,0,1,21.0345,0,0,7109bae954a53a6c21ae24908fba463a58fe095697a89fcfeb2049bda68ef8de
01_Raw_Data/RBI/Sectoral_Credit/SIBCS30062026.xlsx :: SHEET=Statement 2,RBI_SOURCE_OR_DERIVED,READ_OK,48,10,0,0,6.4583,0,0,2394b9aca06e916e7938b57cf842e6c8a9ef1e1f53ec107ac0c11023e16d169e
01_Raw_Data/RBI/Sectoral_Credit/SIBCSJ26E31072026E.xlsx :: SHEET=Statement 1,RBI_SOURCE_OR_DERIVED,READ_OK,58,10,0,0,19.4828,0,0,18e43bd115494497dd7f65f55f3aa08256739558456fa3469328fc64dd3c5c9d
01_Raw_Data/RBI/Sectoral_Credit/SIBCSJ26E31072026E.xlsx :: SHEET=Statement 2,RBI_SOURCE_OR_DERIVED,READ_OK,48,10,0,0,6.4583,0,0,2ef07e0cd20e8d365d64af9626cba727bec4afe3cc22753755bd7b67932b952f
01_Raw_Data/RBI/Sectoral_Credit/TEST_RBI_Statements_I_II.xlsx :: SHEET=Statement 1,RBI_SOURCE_OR_DERIVED,READ_OK,58,10,0,0,19.4828,0,0,18e43bd115494497dd7f65f55f3aa08256739558456fa3469328fc64dd3c5c9d
01_Raw_Data/RBI/Sectoral_Credit/TEST_RBI_Statements_I_II.xlsx :: SHEET=Statement 2,RBI_SOURCE_OR_DERIVED,READ_OK,48,10,0,0,6.4583,0,0,2ef07e0cd20e8d365d64af9626cba727bec4afe3cc22753755bd7b67932b952f
01_Raw_Data/RBI/Sectoral_Credit/SIBC27022026.xlsx :: SHEET=Statement 1,RBI_SOURCE_OR_DERIVED,READ_OK,58,10,0,1,21.0345,0,0,49562f9a9e4ca4aede8a3e8ce2153ddd1258c4572807a4b074c23e2acbee6d95
01_Raw_Data/RBI/Sectoral_Credit/SIBC27022026.xlsx :: SHEET=Statement 2,RBI_SOURCE_OR_DERIVED,READ_OK,48,10,0,0,6.4583,0,0,3a74c8e735f850967232b4e2f5bbae6c259eb35bf03b9c78ef3abc999bbcbd89
01_Raw_Data/RBI/Sectoral_Credit/Industry_Wise_Deployment_Gross_Bank_Credit_2019_2026.xlsx :: SHEET=New Format (2019 Onwards),RBI_SOURCE_OR_DERIVED,READ_OK,52,11,2,3,22.028,0,0,ec13eb356e37f489ddd9c03243d519ad9ac0429629a5d7f6a4583dbedf23a874
01_Raw_Data/RBI/Sectoral_Credit/PR2019SIBC300126.xlsx :: SHEET=Statement 1,RBI_SOURCE_OR_DERIVED,READ_OK,58,10,0,1,21.0345,0,0,ad376810f6e3bd1845f04cda70ec3247bf6913d9957494280c5bc438b28ad52f
01_Raw_Data/RBI/Sectoral_Credit/PR2019SIBC300126.xlsx :: SHEET=Statement 2,RBI_SOURCE_OR_DERIVED,READ_OK,48,10,0,0,6.4583,0,0,2bafad61cfc6f6dadbaa82b8522f636d230105d6ed95c991ac035eda17537e5d
01_Raw_Data/RBI/Sectoral_Credit/RBI_Industry_Wise_Gross_Bank_Credit_1997_2007.xlsx.xlsx :: SHEET=Data from 1997-2007,RBI_SOURCE_OR_DERIVED,READ_OK,42,20,2,3,18.2143,0,0,14a6975c5f730c36d188ac9cf9058a557a92d47be5bec10ced9e7b0349fe9e6d
