path,category,required,exists,size_bytes,sha256,previous_sha256,change_status
13_Continuous_Ingestion/00_Config/source_registry.csv,SOURCE_CONFIG,True,True,683,4459c7f4fbccc6c8bb7476d67d157ffabf41beb00bb07df3866096635d2f3894,4459c7f4fbccc6c8bb7476d67d157ffabf41beb00bb07df3866096635d2f3894,UNCHANGED
13_Continuous_Ingestion/00_Config/source_monitor_config.json,SOURCE_CONFIG,True,True,1128,1203d79fde45f286d6aaf2fecccff9a2fea21643d8e748777f17b6551a6a69ff,1203d79fde45f286d6aaf2fecccff9a2fea21643d8e748777f17b6551a6a69ff,UNCHANGED
01_Raw_Data/Semiconductor/Semiconductor_Master/Semiconductor_Master_Canonical.csv,CANONICAL_DATA,True,True,4305,000c07b2ff81a9985557d04478ae80e14cb4408bdf25f727ad171f0a060f45bf,000c07b2ff81a9985557d04478ae80e14cb4408bdf25f727ad171f0a060f45bf,UNCHANGED
01_Raw_Data/Semiconductor/Semiconductor_Master/Semiconductor_Ecosystem_Master.csv,MODEL_REFERENCE,True,True,18170,1a33153a45b01f16446c883cf82603a877cbc58c31b81fcf7aface38446be0eb,1a33153a45b01f16446c883cf82603a877cbc58c31b81fcf7aface38446be0eb,UNCHANGED
01_Raw_Data/Semiconductor/Semiconductor_Master/Ecosystem_Clustering_Final.csv,MODEL_REFERENCE,True,True,11316,323048fd1f5be366e03244c4be1b575e63ba388f796086ab92ecba68f3a0a8ff,323048fd1f5be366e03244c4be1b575e63ba388f796086ab92ecba68f3a0a8ff,UNCHANGED
03_Modeling/Phase_3A_PCA_KMeans/PCA_Loadings.csv,MODEL_REFERENCE,True,True,1980,6ec5dd0b862cbf4e8939ec88a553cf2918010ee0adf126619eec2f3633197e31,6ec5dd0b862cbf4e8939ec88a553cf2918010ee0adf126619eec2f3633197e31,UNCHANGED
03_Modeling/Phase_3A_PCA_KMeans/PCA_Explained_Variance.csv,MODEL_REFERENCE,True,True,530,109174764948209884eecbfaa4be013d945f989900521d424633503758c657f1,109174764948209884eecbfaa4be013d945f989900521d424633503758c657f1,UNCHANGED
03_Modeling/Phase_3B_Cluster_Validation/Validated_Cluster_Assignments.csv,MODEL_REFERENCE,True,True,6136,7a2fed8548aa67577b8b13bf7350e0794360901bb26f6b6103342ea597023f1d,7a2fed8548aa67577b8b13bf7350e0794360901bb26f6b6103342ea597023f1d,UNCHANGED
03_Modeling/Phase_3E_Robust_Stress_Test/Robust_Stress_Test_Full.csv,STRESS_REFERENCE,True,True,8597,0c4f4e08dc05b2a32f61d7b1b7785e50af8e6bb085955e52ac358f28d611c338,0c4f4e08dc05b2a32f61d7b1b7785e50af8e6bb085955e52ac358f28d611c338,UNCHANGED
03_Modeling/Phase_6B_Monte_Carlo_Stress/Monte_Carlo_Shock_Distributions.csv,MC_REFERENCE,True,True,433,bcd3c48d9b03ff8b4d73a14baafa6cbc25f33bb23339015f20a816d5cbf53455,bcd3c48d9b03ff8b4d73a14baafa6cbc25f33bb23339015f20a816d5cbf53455,UNCHANGED
03_Modeling/Phase_6B_Monte_Carlo_Stress/Monte_Carlo_System_Summary.csv,MC_REFERENCE,True,True,324,a66f5979f71ec2c8f57373c52527cbd8e54699226ab6495c49a65a8d69d5c028,a66f5979f71ec2c8f57373c52527cbd8e54699226ab6495c49a65a8d69d5c028,UNCHANGED
13_Continuous_Ingestion/01_Discovery/discover_new_projects.py,PIPELINE_CODE,True,True,10193,32649cc4ffe6462c4f6c55783db2acb8cc122dc6809fc032e56c9917af506923,32649cc4ffe6462c4f6c55783db2acb8cc122dc6809fc032e56c9917af506923,UNCHANGED
13_Continuous_Ingestion/04_Verification/verify_candidates.py,PIPELINE_CODE,True,True,20585,cce3a0fb7a91af8e93ead05c4b2cd0a970dedb4b8d1cb8716a0f29ebc0a727b2,cce3a0fb7a91af8e93ead05c4b2cd0a970dedb4b8d1cb8716a0f29ebc0a727b2,UNCHANGED
13_Continuous_Ingestion/05_Canonicalization/canonicalize_reviewed_candidates.py,PIPELINE_CODE,True,True,20604,b1648f496edc6f090a029c77af26bd790594fda36e0109c98f8731030b3e8cca,b1648f496edc6f090a029c77af26bd790594fda36e0109c98f8731030b3e8cca,UNCHANGED
13_Continuous_Ingestion/06_Frozen_Model/freeze_and_infer.py,PIPELINE_CODE,True,True,97,7764efa75895b696e76e2128c3c8e70e183a77a0eead14a5976cbbacc9c59bde,7764efa75895b696e76e2128c3c8e70e183a77a0eead14a5976cbbacc9c59bde,UNCHANGED
13_Continuous_Ingestion/06_Frozen_Model/freeze_and_infer_v2.py,PIPELINE_CODE,True,True,28571,43c9ad85f24b1e4ca5e9d5ef1b64a99d53dc8245a1db99ad6872460b5e6c1dcd,43c9ad85f24b1e4ca5e9d5ef1b64a99d53dc8245a1db99ad6872460b5e6c1dcd,UNCHANGED
13_Continuous_Ingestion/06_Frozen_Model/freeze_and_infer_v2_1.py,PIPELINE_CODE,True,True,2637,742820ad9b6164038e0e1d69ecea563223a444737b03219120c51e68c6752d76,742820ad9b6164038e0e1d69ecea563223a444737b03219120c51e68c6752d76,UNCHANGED
13_Continuous_Ingestion/07_Automated_Evaluation/evaluate_new_projects.py,PIPELINE_CODE,True,True,28303,807c130d42db284a4b674170ea8ad68b33588326a5e19064db1aeae84197a754,807c130d42db284a4b674170ea8ad68b33588326a5e19064db1aeae84197a754,UNCHANGED
.github/workflows/phase13_continuous_ingestion.yml,ORCHESTRATION,True,True,5129,828fefcdee1f012da5790c06b9157c4d3e736d26ee83ce39d43fd9400822e2e1,828fefcdee1f012da5790c06b9157c4d3e736d26ee83ce39d43fd9400822e2e1,UNCHANGED
13_Continuous_Ingestion/06_Frozen_Model/artifacts/Frozen_Model_Manifest.json,FROZEN_MODEL,True,True,2114,498be254d17786ede0f0ce86dd92aa4bf5d047d2d5b426fa8bf1f0c6c8724002,9c638826a28b83a2fc1bb621136a9ee7574f29455d01127dcab79a7b41285fb6,MODIFIED
13_Continuous_Ingestion/06_Frozen_Model/artifacts/Frozen_Model_Validation.json,FROZEN_MODEL,True,True,1181,3bd6c10a9de6a5a3f8b128e54cd20fbc113aead4646e0f08c37d25ab3f70d569,2a527903ae88a47670c7695fc5d48e45ec89f85879e34c65ee4c9ca0c0cc7d88,MODIFIED
13_Continuous_Ingestion/06_Frozen_Model/artifacts/Frozen_Scaler_Parameters.csv,FROZEN_MODEL,True,True,725,0328e4e236f853ad6225df1ec99af68651e38cd48caa92783c4a3817261d4ce0,0328e4e236f853ad6225df1ec99af68651e38cd48caa92783c4a3817261d4ce0,UNCHANGED
13_Continuous_Ingestion/06_Frozen_Model/artifacts/Frozen_PCA_Components.csv,FROZEN_MODEL,True,True,1896,662209eb989975dab04e4c64265a3a94538f37cead840aff50a791a8de71ad8a,662209eb989975dab04e4c64265a3a94538f37cead840aff50a791a8de71ad8a,UNCHANGED
13_Continuous_Ingestion/06_Frozen_Model/artifacts/Frozen_Cluster_Centroids.csv,FROZEN_MODEL,True,True,1062,6973aea081c94c67094fa8161c7257081cc0cc441fd2f9b37fb54f9f95a07d33,6973aea081c94c67094fa8161c7257081cc0cc441fd2f9b37fb54f9f95a07d33,UNCHANGED
13_Continuous_Ingestion/06_Frozen_Model/artifacts/Frozen_Reference_PCA_Scores.csv,FROZEN_MODEL,True,True,5387,da9b8a7ffbf1ca2dbb06269bfca6a4f3412181b0d118ad795ae8e670e8bec359,da9b8a7ffbf1ca2dbb06269bfca6a4f3412181b0d118ad795ae8e670e8bec359,UNCHANGED
13_Continuous_Ingestion/07_Automated_Evaluation/Phase_13F_Method_Validation.json,METHOD_VALIDATION,True,True,3076,cb1dbd54a032b2d4d03540a573dd5247ce46cda0ddf3b05f8622f77549bb72d8,fd2648e20ee31220b11ad11b3637f89e37bdd65288cee4c93dfda4c66be35360,MODIFIED
13_Continuous_Ingestion/02_Candidates/Project_Discovery_Candidates.csv,RUNTIME_OUTPUT,False,True,290,dca388293fb5786771b885c83f65d5d3db6aaf51b6888a671fede3dd93744a04,dca388293fb5786771b885c83f65d5d3db6aaf51b6888a671fede3dd93744a04,UNCHANGED
13_Continuous_Ingestion/04_Verification/Verification_Queue.csv,RUNTIME_OUTPUT,False,True,201,e0c173f681f7c86927a53a7a41a461972aa304fee3edb0a7998dcd68acc6b475,e0c173f681f7c86927a53a7a41a461972aa304fee3edb0a7998dcd68acc6b475,UNCHANGED
13_Continuous_Ingestion/05_Canonicalization/Canonical_Staging.csv,RUNTIME_OUTPUT,False,True,385,2b103fd9f395d37d44cb092c251afe8cb7526d58c28dc9cb57a916c5cd62304a,2b103fd9f395d37d44cb092c251afe8cb7526d58c28dc9cb57a916c5cd62304a,UNCHANGED
13_Continuous_Ingestion/06_Frozen_Model/Frozen_Model_New_Project_Inference.csv,RUNTIME_OUTPUT,False,True,358,9ba2c5193166c6fc07ea3acf877871aeace346f1e58c98c43055e196300d5bfc,9ba2c5193166c6fc07ea3acf877871aeace346f1e58c98c43055e196300d5bfc,UNCHANGED
13_Continuous_Ingestion/07_Automated_Evaluation/New_Project_Evaluation_Register.csv,RUNTIME_OUTPUT,False,True,308,d08482e77751177e6fec9bc0cf7a844313261c0c626881167a40648f65074ee0,d08482e77751177e6fec9bc0cf7a844313261c0c626881167a40648f65074ee0,UNCHANGED
