sector_code,sector,credit_2019_crore,credit_2020_crore,credit_2021_crore,credit_2022_crore,credit_2023_crore,credit_2024_crore,credit_2025_crore,credit_2026_crore,credit_growth_2019_2020_pct,credit_growth_2020_2021_pct,credit_growth_2021_2022_pct,credit_growth_2022_2023_pct,credit_growth_2023_2024_pct,credit_growth_2024_2025_pct,credit_growth_2025_2026_pct,credit_growth_2019_2026_pct,credit_cagr_2019_2026_pct,credit_growth_volatility_pct,negative_growth_years,positive_growth_years
2.2.4,Others,95064.95,95254.53,107007.9207,123127.27073,134930.156072,157087.5963,164992.0098,189092.1108,0.1994215533695609,12.338930967377614,15.063698018384164,9.585922981986661,16.421414510316424,5.031850818383177,14.606829160523382,98.90833666877225,10.322656858858913,5.957729485872997,0,7
2.3,Beverage and Tobacco,14638.31,18025.49,17804.60937,18475.74327,23780.123777,31137.4711,35515.45461,40158.25845,23.139146527160605,-1.2253793378155242,3.769439059588886,28.709970849253974,30.9390623530563,14.060176871589292,13.072629622746646,174.33671270795608,15.507980280020185,12.208522884084807,1,6
2.4,Textiles,200939.28,193452.92,204971.7757,224314.895866,230275.235697,256047.9836,277267.0852,301868.4233,-3.7256827037500995,5.954345739521516,9.436967650761297,2.657130641275174,11.192149179650478,8.287158251223946,8.87279428867458,50.22867768810559,5.986464789363821,5.130885249581443,1,6
2.4.1,Cotton Textiles,91359.57,83046.06,86367.72814,88625.279138,90065.816094,99513.08708,107494.5958,110268.4446,-9.099769186742023,3.9997901646387612,2.6138825769974616,1.6254244500115034,10.489297044885548,8.020561872011411,2.580454188749104,20.697201836654866,2.72378869715888,6.202545052954712,1,6
2.4.2,Jute Textiles,1910.91,1944.26,2590.11184,3288.09319,3709.449733,4279.559436,4288.234703,4994.105944,1.7452417957936284,33.218388487136494,26.947923221724658,12.814616820516566,15.369117902533924,0.2027140206775302,16.460648492634512,161.34699928306406,14.710322980656887,12.082457265330255,0,7
2.4.3,Man-Made Textiles,29103.49,30064.6,34487.93404,37406.285376,39400.075626,45074.46841,49186.25942,52031.98385,3.3023874456293623,14.712765312028097,8.461948844529864,5.330094207320624,14.401984498363474,9.122217421620826,5.785608549128396,78.7826265853339,8.65418869781871,4.432424962687156,0,7
2.4.4,Other Textiles,78565.31,78398.0,81526.00171,94995.238162,97099.894245,107180.8687,116297.9953,134573.8889,-0.21295658350994895,3.989899882650061,16.521399516085754,2.2155385087943458,10.382065329097001,8.506300341266027,15.71471077627422,71.28919735695054,7.991605126578971,6.517628825861631,1,6
2.5,Leather and Leather Products,10489.53,10460.56,10737.49791,11877.34168,11947.5707,12587.81048,12979.84309,14147.20102,-0.2761801529715946,2.6474482245692377,10.615543579649444,0.5912856756344453,5.358744434967022,3.114382843806518,8.99362127805199,34.86973219963143,4.366042021915706,4.1178914494871925,1,6
2.6,Wood and Wood Products,13077.12,13622.18,15086.18251,17334.741726,21205.494054,23838.81498,27825.96738,31055.0612,4.168043116527187,10.747196924427671,14.90475946787415,22.32944908659551,12.418106926885187,16.725463926563002,11.604605783879851,137.47630365095677,13.151428216882689,5.618358198526664,0,7
2.7,Paper and Paper Products,32393.27,32592.86,37855.07604,41825.500609,44265.640695,46426.05713,52847.59392,58963.98515,0.6161465020357637,16.145303112399457,10.488486576554767,5.834096545098921,4.880571931367128,13.831751363288781,11.57364181850722,82.02541808838689,8.93356571726336,5.484865193747401,0,7
2.8,"Petroleum, Coal Products and Nuclear Fuels",75395.37,79997.34,79173.88612,106442.513209,149443.424272,132356.3024,154178.5291,204180.2297,6.103783295976939,-1.0293515759398963,34.44144076453475,40.39824856311658,-11.433839899773691,16.487485903051358,32.431040101289945,170.8126900895904,15.294836758037356,19.756701856316933,2,5
2.9,Chemicals and Chemical Products,171924.62,198941.33,184952.9264,203139.168898,224077.828124,249347.616,267814.87,307905.5671,15.714276407881545,-7.031421575396124,9.832903351130762,10.307544005220226,11.277237059802392,7.40622841968539,14.969556059377886,79.0933532963458,8.681146125290073,7.6137345639209535,1,6
2.9.1,Fertiliser,37630.14,47067.95,32413.7444,33936.919783,34648.190503,37569.36877,32011.20975,30585.68393,25.08045412533675,-31.13414882101302,4.6991651572349635,2.09586115813698,8.43096919230768,-14.79439022259622,-4.4532082077904045,-18.720249433034265,-2.917637253002059,17.88912060319266,3,4
2.9.2,Drugs and Pharmaceuticals,50732.58,56342.18,54077.22842,63931.07682,70687.329663,80832.23558,88524.29389,104391.4091,11.057194410376914,-4.019992801130523,18.221807381599533,10.568026035323076,14.351802459317064,9.51607765739344,17.92402346605151,105.76798794778423,10.858311297643453,7.519624747779134,1,6
2.9.3,Petro Chemicals,22966.75,26485.96,28011.68184,19708.024706,20778.83,25318.15427,28797.46146,36807.94201,15.323064865512093,5.760492880001333,-29.643550792236184,5.433346618821733,21.84590888899902,13.74234137645136,27.816620437626582,60.26621968715642,6.970282283163476,18.695073668075153,1,6
2.10,"Rubber, Plastic and their Products",46018.84,52571.78,56026.05774,76854.542552,84048.982548,90471.78341,103464.6135,112778.5823,14.239689657540255,6.570593082448406,37.17642406442143,9.361112248026494,7.641735411052686,14.36119594450691,9.002081470105704,145.07045875124186,13.661398364092147,10.641419443689442,0,7
2.11,Glass and Glassware,7965.62,6817.07,6582.735659,7146.366057,9573.382103,12090.21779,13442.79188,16286.83311,-14.418839964748509,-3.437464203829499,8.56225173236902,33.961541105534224,26.289932438937157,11.187342639259445,21.1566262082159,104.46409833760586,10.757684026737158,16.92648058190022,2,5
2.12,Cement and Cement Products,56986.43,61054.34,57610.08978,48604.6475659999,58053.651534,59756.90776,59752.60731,65112.66177,7.1383836467734385,-5.641286467104544,-15.63171008479568,19.440535918235735,2.9339346983237924,-0.007196573854317823,8.970411001802358,14.25994183176591,1.9226181745521709,11.194223014125905,3,4
2.13,Basic Metal and Metal Product,371754.79,335099.21,305457.1987,286129.20314,342729.485322,384447.2295,433501.1544,518062.2818,-9.860150019855817,-8.845741922220585,-6.327562631445039,19.781372037829392,12.172207517776169,12.759599012795064,19.506551837685258,39.35591301997749,4.855047905884713,13.40969604620503,3,4
2.13.1,Iron and Steel,287648.22,251225.15,218852.728,185580.671762,228614.11499,273802.5639,300156.0398,356663.3265,-12.662365857852343,-12.885820547823334,-15.202943340966712,23.18853726490908,19.766254989101007,9.624992375756204,18.82597023123438,23.99288495510248,3.119879056168817,17.314427397258168,3,4
2.13.2,Other Metal and Metal Product,84106.57,83874.06,86604.47072,100548.531378,114115.370332,110644.6656,133345.1146,161398.9553,-0.2764468935066655,3.255369681639353,16.100855466321583,13.492826566503613,-3.0413998761977146,20.51653270123852,21.038521571753186,91.89815409188601,9.758631958916574,10.023901747192221,2,5
2.14,All Engineering,172838.22,162810.18,153532.1829,169914.075872,177978.895549,196864.0536,240135.8943,317373.7001,-5.801980603595669,-5.6986590764778855,10.670005898808842,4.746410581708038,10.61089742845418,21.98056979357048,32.16420686509589,83.62472148810605,9.069783232847218,13.899081280899717,2,5
2.14.1,Electronics,39888.57,32448.62,35486.51382,36745.333901,40836.84364,43395.91409,52863.09654,59905.30703,-18.651834347533647,9.362166465014532,3.547319658913728,11.13477360152293,6.266572589594976,21.81583830764746,13.32160041868029,50.18163606767554,5.9817230237292796,12.595830872923234,1,6
2.15,"Vehicles, Vehicle Parts and Transport Equipment",83808.29,90007.12,85892.30051,95976.634681,101616.961508,113547.8696,119450.2002,141075.5601,7.3964401373658895,-4.571659986454401,11.740673041847248,5.876770784625762,11.741059676401289,5.198098934654083,18.104080080060015,68.33127140525121,7.723202898367765,7.0806361124141635,1,6
2.16,Gems and Jewellery,72699.68,66608.72,74381.83894,82131.649319,78599.810169,84957.19865,85813.54569,121355.0919,-8.378248707559631,11.669821819125193,10.418955069464442,-4.300217004388052,8.088300044657593,1.0079746667823963,41.41717478775815,66.92658330820716,7.5943231227405095,16.3414895122325,2,5
2.17,Construction,111937.32,127837.59,119670.3416,119551.206842,124955.254703,142209.8544,160037.0366,179323.3057,14.204619156506503,-6.388769062370459,-0.09955245084718456,4.520278802490085,13.808622724999942,12.535827615614226,12.051128607313899,60.19974902025525,6.963943143007123,8.060752713199662,2,5
2.18,Infrastructure,1044199.16,1083656.43,1111675.253,1212648.014518,1223104.943332,1326851.767,1364368.718,1490126.394,3.7787111416561547,2.5855817604478304,9.082936877969704,0.8623218517499032,8.482250377091226,2.8275163762132793,9.217279342518614,42.705189879677754,5.2114059031552085,3.541681417605725,0,7
2.18.1,Power,569857.28,577326.55,571028.2991,610649.95019,620231.404645,651191.2482,692159.9417,842654.828,1.3107264331167379,-1.0909338744251595,6.938649302048239,1.5690584191514034,4.991660100268613,6.291345839374252,21.742790536298973,47.87120522528026,5.747251296660538,7.546669536749731,1,6
2.18.2,Telecommunications,110545.08,147176.4,114960.8208,127368.127591,108262.16,143097.5097,123849.8018,108701.4327,33.13699714179952,-21.889093088294043,10.792639357181756,-15.00058762923201,32.176847108906735,-13.450763706756518,-12.23124210118841,-1.6677787016844192,-0.2399748447552641,23.30378146082239,4,3
2.18.3,Roads,176253.72,181530.8,234088.4362,282165.694462,300209.550457,324255.7266,334146.5112,338134.9082,2.994024750229385,28.952462171708614,20.538074858564915,6.394773124140363,8.009797192126378,3.05030375367934,1.1936072549962429,91.84554413943718,9.754332747616656,10.50362266344695,0,7
2.18.4,Airports,4423.68,5143.87,8573.41,7365.83,9593.04,7280.23,9155.73,6684.13,16.28033673321758,66.6723692472788,-14.085177309845209,30.23705407265713,-24.109250039612064,25.76154874227874,-26.995116719256686,51.09885886863425,6.073949792993538,34.203602767963446,3,4
2.18.5,Ports,9478.84,12745.18,10152.8,8603.38,7982.55,6680.97,5915.78,8794.11,34.45927982748944,-20.340081505322015,-15.26101174060358,-7.216117386422538,-16.305315970460565,-11.453276994208927,48.65512240144159,-7.223774217098288,-1.0654232528621632,27.772990585552495,5,2
2.18.6,Railways (other than Indian Railways),9703.87,10884.73,12471.11,10526.36,10174.63,12961.35106,13414.97668,6730.318654,12.168959394550827,14.57436243250867,-15.594040947437716,-3.3414209660319605,27.388917926253843,3.4998328330133166,-49.829814732111785,-30.64294292895515,-5.092908286199982,25.30658682732831,3,4
2.18.7,Other Infrastructure,163936.69,148848.9,160400.3766,165968.672275,166651.60823,181384.7309,185725.9769,178426.666,-9.203424809906801,7.760538774555936,3.4714978811340336,0.4114848577377428,8.84067236222914,2.3933910966262184,-3.930150763955953,8.838763305517517,1.2173120196966147,6.362884922865313,2,5
2.19,Other Industries,161468.06,223620.5,219105.7224,236392.293877,218756.513244,256370.6387,300921.2914,353413.3863,38.49209558844022,-2.018946205736949,7.8896029221188435,-7.460387284103376,17.194516816075488,17.377439525019977,17.44379557052507,118.8751052684971,11.840598155288351,15.143994294706644,2,5
nan,Industries (2.1 to 2.19),2837528.33,2946851.25,2940570.692,3181100.127314,3366405.867978,3682392.532,3985659.551,4584304.347,3.8527516657428373,-0.21312775797557304,8.179685527315318,5.825209306456669,9.386469618168602,8.235597274451557,15.019968171887644,61.55977364285909,7.093198805598178,4.761154315379,1,6
